Secteur ,Mode paiement ,Support,Budget ,Visite des lieux ,Type ,Allotissement ,Mt caution ,Organisme ,Obsérvation ,Téléchargement,Contact ,Montant retrait ,Soumission électronique ,Ville d'exécution ,Domaine ,Objet ,Adresse retrait 
, | ---,"SUPPORT DU PAGE/COLONNE
SITE WEB 12/08/2025 01/01
SITE WEB 16/08/2025 01/01
SITE WEB 26/08/2025 01/01
Liberation 01/08/2025 4/002 | SITE WEB | 12/08/2025 | 01/01 | SITE WEB | 16/08/2025 | 01/01 | SITE WEB | 26/08/2025 | 01/01 | Liberation | 01/08/2025 | 4/002", | 12 mois,--- | Télécharger D.A.O,National,2 Lots, | ---,Amendis.,"av 1 : DAO modifié( réponse à demande d'éclaircissement ) / av 2 : DAO modifié: changement au niveau de l'Estimation en TTC lot 1 Min : 2 006 487,60 - Max : 4 012 975,20 DHS Estimation en TTC lot 2 Min : 2 282 616,00 - Max : 4 565 232,00 DHS / av 3 : DAO modifié ( avis rectificatif : report de la date limite est le 28/08/2025 au lieu de 26/08/2025 ) à vérifier",https://global-marches.com/downoaldcps/1485369.zip,Tél: 05.39.32.80.28 - ma.amendis-achats-groups@vealia.com; Télécopieur: nadia.benrahmoun@veolia.com, | ---,Oui Cliquer ici,- Tetouan,,Marché cadre des travaux de branchements neufs eau et assainissement sur le périmètre d'amendis de Tétouan,
, | ---,"SUPPORT DU PAGE/COLONNE
SITE WEB 25/08/2025 01/01 | SITE WEB | 25/08/2025 | 01/01","239.520,00 MAD | ",--- | Télécharger D.A.O,National,,"4.000,00 MAD | ---",Ormva / office régional de mise en valeur agricole de la moulouya,budget en TTC,https://global-marches.com/downoaldcps/1488398.zip,HAJAR BERRAHO - Téléphone: 0661423292 - Email: berraho.hajar@gmail.com - Télécopieur: 0536612928, | ---,Oui Cliquer ici,- berkane,,"Aménagement des locaux de la coopérative « Al Kher » selon les normes de l'ONSSA dans le cadre du programme IHYAE dans le cercle d'Aklim, zone d'action de l'ORMVAM dans la Province de Berkane.",Bureau des Marchés de l’Office Régional de Mise en Valeur Agricole de la Moulouya sis à route d’Oujda Berkane
"Secteur Qualification Classe
4 4-1 5 | 4 | 4-1 | 5", | ---,"SUPPORT DU PAGE/COLONNE
SITE WEB 25/08/2025 01/01 | SITE WEB | 25/08/2025 | 01/01","958.095,60 MAD | ",--- | Télécharger D.A.O,National,,"9.000,00 MAD | ---","Ministere de l Agriculture, de la Peche Maritime, du Developpement Rural et des Eaux et Forets / directeur provincial d'agriculture tetouan",budget en TTC + qualifications mentionnée au niveau de RC,https://global-marches.com/downoaldcps/1488396.zip,OMAR ZEMRANI - Téléphone: 0662794592 - Email: zemraniomar@yahoo.fr - Télécopieur: 0539962991, | ---,Oui Cliquer ici,- M’diq fnideq- Tetouan,,travaux d’aménagement de point d'eau boujmil - commune alyiyene préfecture m'diq-fnideq.,
, | ---,"SUPPORT DU PAGE/COLONNE
SITE WEB 25/08/2025 01/01 | SITE WEB | 25/08/2025 | 01/01","737.619,60 MAD | ",--- | Télécharger D.A.O,National,,"12.000,00 MAD | ---",Region de draa - tafilalet / Commune urbaine de ERRACHIDIA,budget en TTC,https://global-marches.com/downoaldcps/1488395.zip,bureau des marchés commune urbaine Errachidia - Téléphone: 0535571545 - Email: b.marches@menara.ma - Télécopieur: 0535572216, | ---,Oui Cliquer ici,- Errachidia,,"électrification 2°/1° catégorie d’un groupe de logements sis a rue n° 06 a hay el mohit, commune d’errachidia - (province d'errachidia).",
, | ---,"SUPPORT DU PAGE/COLONNE
SITE WEB 25/08/2025 01/01 | SITE WEB | 25/08/2025 | 01/01","320.000,00 MAD | ",--- | Télécharger D.A.O,National,,"6.400,00 MAD | ---",Region de tanger-tetouan - al hoceima / Arrondissement BNI MAKADA,budget en ttc,https://global-marches.com/downoaldcps/1488394.zip,ABDELLAH EL HADDAD - Téléphone: 0696920110 - Email: elhaddadabdellah31@gmail.com - Télécopieur: 0539951359, | ---,Oui Cliquer ici,- Tanger assila,,AO Simplifie : Relatif a la circoncision des enfants necessiteux,
, | ---,"SUPPORT DU PAGE/COLONNE
SITE WEB 25/08/2025 01/01 | SITE WEB | 25/08/2025 | 01/01","2.600.000,00 MAD | ",12/09/2025 11:00 | Télécharger D.A.O,National,, | ---,Autres instituts / institut des techniciens spécialises en agriculture d'ouled taima,,https://global-marches.com/downoaldcps/1488393.zip,ITAOT ITA OT - Téléphone: 0528528261 - Email: LAOT@menara.ma - Télécopieur: 0528528261, | ---,,- Taroudant,,Consultation architecturale ouverte : Conception architecturale et le suivi des travaux de construction d’un bloc pédagogique à l’Institut des Techniciens Spécialisés en Agriculture d’Ouled Teima.,
, | ---,"SUPPORT DU PAGE/COLONNE
SITE WEB 25/08/2025 01/01 | SITE WEB | 25/08/2025 | 01/01","44.520,00 MAD | ",15/09/2025 11:00 | Télécharger D.A.O,National,,"700,00 MAD | ---",La cour d'appel / la Cour d’Appel Al Hoceima.,budget en TTC,https://global-marches.com/downoaldcps/1488391.zip,Mohamed EL KADDOURI - Téléphone: 0539984983 - Email: sdrhoceima@gmail.com - Télécopieur: 0539981110, | ---,Oui Cliquer ici,- Al hoceima,,"Maintenance et entretien complet des postes de transformation, et des TGBTs (Tableaux Généraux Basse Tension) de la circonscription judiciaire de la Cour d’Appel Al Hoceima. (Lot Unique)",
, | ---,"SUPPORT DU PAGE/COLONNE
SITE WEB 25/08/2025 01/01 | SITE WEB | 25/08/2025 | 01/01","4.185.738,00 MAD | ",--- | Télécharger D.A.O,National,,"80.000,00 MAD | ---",Region de l'oriental / Conseil Provincial de Driouch,les informations à vérifier,https://global-marches.com/downoaldcps/1488390.zip,MOSTAPHA EL MOUHOUTI - Téléphone: 0661826128 - Email: mostaphaelmouhouti70@gmail.com - Télécopieur: 0536367912, | ---,Oui Cliquer ici,- Driouch,,Travaux de construction du siège du Conseil Provincial de Driouch- Province de Driouch Lot : seconds œuvres,
, | ---,"SUPPORT DU PAGE/COLONNE
SITE WEB 25/08/2025 01/01 | SITE WEB | 25/08/2025 | 01/01","60.000,00 MAD | ",--- | Déjà téléchargé Ne plus suivre,National,,"1.200,00 MAD | ---",Ministere de l'economie et des finances,budget en TTC,https://global-marches.com/downoaldcps/1488388.zip,ZINEB OUJJANI - Téléphone: 05 23 31 56 02 - Email: z.oujjani@tax.gov.ma - Télécopieur: 05 23 32 20 82, | ---,Oui Cliquer ici,- Mohammedia,,la maintenance complète du système de rayonnage motorisé et ses logiciels installé au sous sol du siège de la Direction Provinciale des Impôts de Mohammedia (lot unique).,
, | ---,"SUPPORT DU PAGE/COLONNE
L'opinion 25/08/2025 18/005 | L'opinion | 25/08/2025 | 18/005","270.060,00 MAD | ",--- | Demander D.A.O,National,,"5.401,00 MAD | ---",Region de souss-massa,budget en TTC,,, | ---,Oui,- Agadir,,AO simplifié : travaux d'amenagement l'aborattoire communale au centre de tamri -commune de tamri.,
, | ---,"SUPPORT DU PAGE/COLONNE
SITE WEB 25/08/2025 01/01 | SITE WEB | 25/08/2025 | 01/01","2.883.000,00 MAD | ",--- | Télécharger D.A.O,National,, | ---,Agence nationale des equipements publics (ANEP) / direction régionale de l'agence nationale des équipements publics du sud,,https://global-marches.com/downoaldcps/1488385.zip,MOHAMMED TANJAOUI - Téléphone: 0528231160 - Email: tanjaouimohammed@gmail.com - Télécopieur: 0528210845, | ---,,- Agadir,,Consultation architecturale ouverte simplifiée : la conception architecturale et le suivi des travaux de reconstruction de la mosquée ait mhened - préfecture d’Agadir ida outanane.,
, | ---,"SUPPORT DU PAGE/COLONNE
L'opinion 25/08/2025 18/04 | L'opinion | 25/08/2025 | 18/04","551.800,00 MAD | ",--- | Demander D.A.O,National,,"10.000,00 MAD | ---",Region de souss-massa /province de taroudant,budget en TTC,,, | ---,Oui,- Taroudant,,Travaux d'alimentation en eau potable de divers dours relevant de la commune d'assads projet : réalisation d'installations solaires photovoltaïques de production d'energie solaire au niveau de quatre stations de reprise,
, | ---,"SUPPORT DU PAGE/COLONNE
SITE WEB 25/08/2025 01/01 | SITE WEB | 25/08/2025 | 01/01","4.100.000,00 MAD | ",--- | Télécharger D.A.O,National,, | ---,Agence nationale des equipements publics (ANEP) / direction régionale de l'agence nationale des equipements publics du sud,,https://global-marches.com/downoaldcps/1488384.zip,MOHAMMED TANJAOUI - Téléphone: 0528231160 - Email: tanjaouimohammed@gmail.com - Télécopieur: 0528210845, | ---,,- Chtouka ait baha,,Consultation architecturale ouverte : la conception architecturale et le suivi des travaux de reconstruction de la mosquée amawoune – province de chtouka ait baha.,
, | ---,"SUPPORT DU PAGE/COLONNE
SITE WEB 25/08/2025 01/01 | SITE WEB | 25/08/2025 | 01/01","5.600.000,00 MAD | ",--- | Télécharger D.A.O,National,, | ---,Agence nationale des equipements publics (ANEP) / direction regionale de l'agence nationale des equipements publics du sud,,https://global-marches.com/downoaldcps/1488383.zip,MOHAMMED TANJAOUI - Téléphone: 0528231160 - Email: tanjaouimohammed@gmail.com - Télécopieur: 0528210845, | ---,,- Taroudant,,"Consultation architecturale ouverte : la conception architecturale et le suivi des travaux de construction du centre de sante rural niveau 1, a indouzal – province de taroudant.",
, | ---,"SUPPORT DU PAGE/COLONNE
SITE WEB 25/08/2025 01/01 | SITE WEB | 25/08/2025 | 01/01","3.610.000,00 MAD | ",--- | Télécharger D.A.O,National,, | ---,Agence nationale des equipements publics (ANEP) / direction regionale de l'agence nationale des equipements publics du sud,,https://global-marches.com/downoaldcps/1488381.zip,MOHAMMED TANJAOUI - Téléphone: 0528231160 - Email: tanjaouimohammed@gmail.com - Télécopieur: 0528210845, | ---,,- Agadir,,Consultation architecturale ouverte : la conception architecturale et le suivi des travaux de reconstruction de la mosquée tazeki –préfecture d’Agadir idaoutanane.,
, | ---,"SUPPORT DU PAGE/COLONNE
Les eco 25/08/2025 15/02 | Les eco | 25/08/2025 | 15/02","247.200,00 MAD | ",--- | Demander D.A.O,National,,"4.000,00 MAD | ---",Agence du bassin hydraulique,budget en ttc,,, | ---,Oui,- Guelmim,,achat du matériel nécessaire pour la mesure des eaux au profit de l'agence du bassin hydraulique de draa oued noun,
, | ---,"SUPPORT DU PAGE/COLONNE
SITE WEB 25/08/2025 01/01 | SITE WEB | 25/08/2025 | 01/01","234.252,00 MAD | ",--- | Télécharger D.A.O,Appel d'offre resérvé au pme nationales,,"4.000,00 MAD | ---",Ministère des Habous et des Affaires islamiques / Délégation régionale Souss Massa Agadir,"budget en ttc , Réservé aux PME, coopératives, unions de coopératives & auto-entrepreneurs)",https://global-marches.com/downoaldcps/1488379.zip,OUBAHA MARYEM - Téléphone: 0528847679 - Email: maryem0oubaha@gmail.com - Télécopieur: 0528845482, | ---,Oui Cliquer ici,- Agadir,,"Maintenance et Recharge d’Un Ensemble des Extincteurs Installés Dans Plusieurs Mosquées de la Région Souss Massa, en lot unique.",
, | ---,"SUPPORT DU PAGE/COLONNE
SITE WEB 25/08/2025 01/01 | SITE WEB | 25/08/2025 | 01/01","4.244.000,00 MAD | ",--- | Télécharger D.A.O,National,, | ---,Agence nationale des equipements publics (ANEP) / direction regionale de l'agence nationale des équipements publics du sud,,https://global-marches.com/downoaldcps/1488378.zip,MOHAMMED TANJAOUI - Téléphone: 0528231160 - Email: tanjaouimohammed@gmail.com - Télécopieur: 0528210845, | ---,,- Inezgane ait melloul,,Consultation architecturale ouverte : la conception architecturale et le suivi des travaux de reconstruction de la mosquée al atik – préfecture d’inezgane-ait melloul.,
, | ---,"SUPPORT DU PAGE/COLONNE
SITE WEB 25/08/2025 01/01 | SITE WEB | 25/08/2025 | 01/01","3.779.000,00 MAD | ",--- | Télécharger D.A.O,National,, | ---,Agence nationale des equipements publics (ANEP) / direction regionale de l'agence nationale des equipements publics du sud,,https://global-marches.com/downoaldcps/1488376.zip,MOHAMMED TANJAOUI - Téléphone: 0528231160 - Email: tanjaouimohammed@gmail.com - Télécopieur: 0528210845, | ---,,- Chtouka ait baha,,Consultation architecturale ouverte : la conception architecturale et le suivi des travaux de reconstruction de la mosquée ait ilyass – province chtouka ait baha.,
, | ---,"SUPPORT DU PAGE/COLONNE
SITE WEB 25/08/2025 01/01 | SITE WEB | 25/08/2025 | 01/01","200.000,00 MAD | ",--- | Demander D.A.O,National,,"3.000,00 MAD | ---",Autres organismes particuliers / SOCIETE DE DEVELOPPEMENT LOCAL SALANOOR,la date limite à vérifier,,ADIL ATMANI - Téléphone: 0661334036 - Email: atmani.salanoor@gmail.com - Télécopieur: 0537874376, | ---,,- Sale,,"AO Simplifie : Fourniture d’outillage électrique , d’équipements de protection individuelle (epi) et vetements haute visibilite d’eclairage public","Boulevard Mohammed V, Près du terminus tramway hay karima, en face du collège Semara, Salé, Maroc. Tél : 0537 26 47 73/74"
, | ---,"SUPPORT DU PAGE/COLONNE
Les eco 25/08/2025 15/02 | Les eco | 25/08/2025 | 15/02","3.699.840,00 MAD | ",--- | Demander D.A.O,International,,"50.000,00 MAD | ---",Agence du bassin hydraulique,budget en ttc,,, | ---,Oui,- Guelmim,,réalisation des mesures d'eau au niveau des stations et des barrages dans la zone d'action de l'agence du bassin hydraulique draa oued noun,
, | ---,"SUPPORT DU PAGE/COLONNE
SITE WEB 25/08/2025 01/01 | SITE WEB | 25/08/2025 | 01/01","10.000.000,00 MAD | ",16/09/2025 10:00 | Télécharger D.A.O,National,, | ---,Region de draa - tafilalet / Commune urbaine de ERRACHIDIA,Il est prévu une visite des lieux non obligatoire le 16/09/2025 à 10 H,https://global-marches.com/downoaldcps/1488373.zip,bureau des marchés commune urbaine Errachidia - Téléphone: 0535571545 - Email: b.marches@menara.ma - Télécopieur: 0535572216, | ---,,- Errachidia,,Consultation architecturale ouverte : les études architecturales et suivie des travaux d'achèvement de construction d’une piscine au complexe sportif et de loisir au lotissement al wiam -province d’errachidia-,
, | ---,"SUPPORT DU PAGE/COLONNE
Les eco 25/08/2025 15/02 | Les eco | 25/08/2025 | 15/02","3.685.680,00 MAD | ",--- | Demander D.A.O,International,,"73.000,00 MAD | ---",Agence du bassin hydraulique,budget en ttc,,, | ---,Oui,- Guelmim,,extension et mise a niveau du systeme d'annonce des crues dans les bassins du draa oued noun,
, | ---,"SUPPORT DU PAGE/COLONNE
Les eco 25/08/2025 15/02 | Les eco | 25/08/2025 | 15/02","758.640,00 MAD | ",--- | Demander D.A.O,National,,"14.000,00 MAD | ---",Agence du bassin hydraulique,budget en ttc,,, | ---,Oui,- Guelmim,,réalisation des mesures d'eau au niveau des piézomètres et des points de jaugeage dans la zone d'action de l'agence du bassin hydraulique draa oued noun,
"Secteur Qualification Classe
B B3 4
B B5 4
B B1 4 | B | B3 | 4 | B | B5 | 4 | B | B1 | 4", | ---,"SUPPORT DU PAGE/COLONNE
SITE WEB 25/08/2025 01/01 | SITE WEB | 25/08/2025 | 01/01","3.650.634,00 MAD | ",--- | Déjà téléchargé Ne plus suivre,National,,"70.000,00 MAD | ---",Region de fes - meknes / Province de Sefrou,qualifications mentionnée au niveau de RC,https://global-marches.com/downoaldcps/1488370.zip,marche Service - Téléphone: 0535660061/0535660504 - Email: province-sefrou@hotmail.fr - Télécopieur: 0535969806, | ---,Oui Cliquer ici,- Sefrou,,Travaux de construction de la piste reliant la RP5049 et Ecole Aouglit au douar Aouglit sur une longueur de 3000 ml à la commune Dar El-Hamra - Province de Sefrou-.,division des équipements de la Province de Séfrou
"Secteur Qualification Classe
4 4-1 1 | 4 | 4-1 | 1", | ---,"SUPPORT DU PAGE/COLONNE
L'opinion 25/08/2025 17/001 | L'opinion | 25/08/2025 | 17/001","407.941,39 MAD | ",--- | Demander D.A.O,National,,"5.000,00 MAD | ---",Holding al omrane /al omrane marrakech safi,voie electronique obligatoire - Budget en TTC - Equipement : J6- classe 4,,, | ---,Oui,- Al haouz,,Travaux d'électrification 2°/1° categorie site d'accueil du douar azrou sis a la commune d'aghoitim - province d'al haouz,
"Secteur Qualification Classe
EG : etudes geotechnique EG3 3 | EG : etudes geotechnique | EG3 | 3", | ---,"SUPPORT DU PAGE/COLONNE
SITE WEB 25/08/2025 01/01 | SITE WEB | 25/08/2025 | 01/01","70.920,00 MAD | ",--- | Télécharger D.A.O,National,,"1.300,00 MAD | ---","ministere  de l’equipement et de l’eau / le directeur provincial de l'equipement, du transport et de la logistique de benimellal",qualifications mentionnée au niveau de RC,https://global-marches.com/downoaldcps/1488368.zip,IKRAME EL-HAMRI - Téléphone: 0648348108 - Email: hamriikrame2003@gmail.com - Télécopieur: 0523481606, | ---,Oui Cliquer ici,- Fquih ben salah,,étude géotechnique nécessaire à l’étude d’élargissement et de renforcement de la rr 304 du pk 94+000 au pk 110+700 (province de fquih ben salah),
, | ---,"SUPPORT DU PAGE/COLONNE
Les eco 25/08/2025 15/02 | Les eco | 25/08/2025 | 15/02","2.999.400,00 MAD | ",--- | Demander D.A.O,International,,"40.000,00 MAD | ---",Agence du bassin hydraulique /Agence du bassin hydraulique de draa oued noun,budget en ttc,,, | ---,Oui,- Guelmim,,La modernisation du réseau de mesure situe dans la zone d'action de l'agence du bassin hydraulique du draa oued noun,
, | ---,"SUPPORT DU PAGE/COLONNE
L'economiste 25/08/2025 11/04 | L'economiste | 25/08/2025 | 11/04", | ,--- | Demander D.A.O,National,, | ---,Attawfiq micro-finance,,,tél :(212) 05 22 43 49 49, | ---,,- Casablanca,,Acquisition d'un datacenter,"Siège d'attawfiq micro-finance à partir du 25/08/2025. | l'adresse de retrait est : attawfiq microfinance, 79, boulevard hassan ii, casablanca."
, | ---,"SUPPORT DU PAGE/COLONNE
Les eco 25/08/2025 15/02 | Les eco | 25/08/2025 | 15/02","2.400.000,00 MAD | ",--- | Demander D.A.O,International,,"47.000,00 MAD | ---",Agence du bassin hydraulique /Agence du bassin hydraulique de draa oued noun,budget en ttc,,, | ---,Oui,- Guelmim,,Assistance technique pour la gestion des dossiers des demandes d'utilisation du domaine public hydraulique,
"Secteur Qualification Classe
A A2 4 | A | A2 | 4", | ---,"SUPPORT DU PAGE/COLONNE
SITE WEB 25/08/2025 01/01 | SITE WEB | 25/08/2025 | 01/01","2.529.672,00 MAD | ",--- | Télécharger D.A.O,National,,"50.000,00 MAD | ---",Ministère De La Sante et de la protection sociale / délégué du ministère de la sante a la province settat,budget en TTC - qualifications mentionnée au niveau de RC,https://global-marches.com/downoaldcps/1488364.zip,mohamed zahri - Téléphone: 0662612917 - Email: zahrithm@yahoo.fr - Télécopieur: 0523402215, | ---,Oui Cliquer ici,- Settat,,"travaux de construction de la morgue et l’autopsie du centre hospitalier provincial hassan ii, province de settat.",
, | ---,"SUPPORT DU PAGE/COLONNE
Les eco 25/08/2025 15/02 | Les eco | 25/08/2025 | 15/02","348.000,00 MAD | ",--- | Demander D.A.O,Appel d'offre resérvé au pme nationales,,"6.000,00 MAD | ---",Agence du bassin hydraulique /Agence du bassin hydraulique de draa oued noun,"budget en ttc - réserve aux TPE PME les jeunes entreprises innovantes, aux cooperatives, aux unions de cooperatives et aux autoentrepreneurs",,, | ---,Oui,- Guelmim,,"Assistance technique, suivi et contrôle des travaux de construction des seuils de recharge artificielle de la nappe dans la province de guelmim",
"Secteur Qualification Classe
B B5 2
B B3 2
B B1 2 | B | B5 | 2 | B | B3 | 2 | B | B1 | 2", | ---,"SUPPORT DU PAGE/COLONNE
L'opinion 25/08/2025 17/03
SITE WEB 25/08/2025 01/01 | L'opinion | 25/08/2025 | 17/03 | SITE WEB | 25/08/2025 | 01/01","11.019.273,60 MAD | ",--- | Télécharger D.A.O,Appel d'offre resérvé au pme nationales,,"140.000,00 MAD | ---",agence regionale d'execution des projets - arep,budget en TTC / av 1 : certificat de qualification et de classification mentionné au niveau du RC,https://global-marches.com/downoaldcps/1488360.zip,SAID HRA - Téléphone: 05 35 40 11 43 - Email: arep.fes-meknes@outlook.fr - Télécopieur: 05 35 40 19 09, | ---,Oui Cliquer ici,- Sefrou,,"Travaux de construction des pistes a la commune d'azzaba , province de sefrou région fes - meknes - en lot unique -",
"Secteur Qualification Classe
H H6 2
H H4 2
H H3 2
H H2 2 | H | H6 | 2 | H | H4 | 2 | H | H3 | 2 | H | H2 | 2", | ---,"SUPPORT DU PAGE/COLONNE
SITE WEB 25/08/2025 01/01 | SITE WEB | 25/08/2025 | 01/01", | ,--- | Télécharger D.A.O,National,, | ---,Region de Beni mellal - khenifra / conseil provincial de beni mellal,Pour détails des lots voir le CPS + qualifications mentionnée au niveau de RC + la date limite à vérifier,https://global-marches.com/downoaldcps/1488359.zip,DGS CPBM - Téléphone: 0523422037 - Email: conseilprovincial.benimellal@gmail.com - Télécopieur: 0523422037, | ---,Oui Cliquer ici,- Beni mellal,,travaux de réalisation des forages d’eau dans les communes relevant de la province de beni mellal ; en 09 lots,siège du conseil provincial de Béni-Mellal
, | ---,"SUPPORT DU PAGE/COLONNE
Les eco 25/08/2025 15/02 | Les eco | 25/08/2025 | 15/02","606.000,00 MAD | ",--- | Demander D.A.O,Appel d'offre resérvé au pme nationales,,"12.000,00 MAD | ---",Agence du bassin hydraulique /Agence du bassin hydraulique de draa oued noun,"budget en ttc - réserve aux TPE PME les jeunes entreprises innovantes, aux cooperatives, aux unions de cooperatives et aux autoentrepreneurs",,, | ---,Oui,- Tata,,Assistance technique et suivi du projet de la protection contre les inondations dans le cadre du fond national de lutte contre les catastrophes naturelles dans: ct tiguezmert province de tata.,
"Secteur Qualification Classe
O O2 1 | O | O2 | 1", | 15/09/2025,"SUPPORT DU PAGE/COLONNE
L'opinion 25/08/2025 17/02
SITE WEB 25/08/2025 01/01 | L'opinion | 25/08/2025 | 17/02 | SITE WEB | 25/08/2025 | 01/01","3.342.600,00 MAD | ",--- | Télécharger D.A.O,Appel d'offre resérvé au pme nationales,,"40.000,00 MAD | ---",agence regionale d'execution des projets - arep,budget en TTC - les documents techniques doit etre déposés au plus tard le jour ouvrable précédant la date d'ouverture des plis ( heure à vérifier ) / av 1 : certificat de qualification et de classification mentionné au niveau du RC,https://global-marches.com/downoaldcps/1488357.zip,SAID HRA - Téléphone: 05 35 40 11 43 - Email: arep.fes-meknes@outlook.fr - Télécopieur: 05 35 40 19 09, | ---,Oui Cliquer ici,- Moulay yaacoub,,"Achevement des travaux d'aménagement du terrain de sport a ras lma dans la province de moulay yaacoub, région de fes meknes- en lot unique",
, | ---,"SUPPORT DU PAGE/COLONNE
Les eco 25/08/2025 17/005 | Les eco | 25/08/2025 | 17/005","3.092.400,00 MAD | ",08/09/2025 10:00 | Demander D.A.O,National,,"48.000,00 MAD | 08/09/2025 10:00",societe de developpement local nouaceur developpement S.A /Nouaceur developpement s.a.,BUDGET EN TTC,,, | ---,Oui,- Nouacer,,Travaux d'aménagement et de remise à niveau de la route provinciale la RP3038 à nouaceur,
"Secteur Qualification Classe
B B5 2
B B3 2
B B1 2 | B | B5 | 2 | B | B3 | 2 | B | B1 | 2", | ---,"SUPPORT DU PAGE/COLONNE
L'opinion 25/08/2025 17/01
SITE WEB 25/08/2025 01/1 | L'opinion | 25/08/2025 | 17/01 | SITE WEB | 25/08/2025 | 01/1","10.671.805,20 MAD | ",--- | Télécharger D.A.O,Appel d'offre resérvé au pme nationales,,"130.000,00 MAD | ---",agence regionale d'execution des projets - arep,budget en TTC / av 1 : certificat de qualification et de classification mentionné au niveau du RC,https://global-marches.com/downoaldcps/1488355.zip,SAID HRA - Téléphone: 05 35 40 11 43 - Email: arep.fes-meknes@outlook.fr - Télécopieur: 05 35 40 19 09, | ---,Oui Cliquer ici,- El hajeb,,"Travaux de construction des pistes à la province d'el hajeb , région fes meknes en lot unique : - la piste reliant la RP7058 et le domaine tafornet a la commune d'ait naaman - la piste reliant la RP7065 et la RP7058 via les coopératives : ait said , el farah et ait moussa a la commune d'ait naaman - les pistes menant au douar d'aadssi et douar jdid a la commune de ras ijerri",
"Secteur Qualification Classe
B B5 3 | B | B5 | 3", | ---,"SUPPORT DU PAGE/COLONNE
SITE WEB 25/08/2025 01/01 | SITE WEB | 25/08/2025 | 01/01","5.232.168,00 MAD | ",--- | Télécharger D.A.O,National,,"80.000,00 MAD | ---",agence regionale d'execution des projets - arep / agence regionale d'execution des projets de la region beni mellal- khenifra,budget en TTC,https://global-marches.com/downoaldcps/1488352.zip,SOUKAINA EL IDRISSI - Téléphone: 05 23 42 22 79 - Email: daaf.areprbk@gmail.com - Télécopieur: 05 23 42 22 79, | ---,Oui Cliquer ici,- Beni mellal,,travaux de construction d’une piste au niveau de la commune foum el anceur a la province de beni mellal. -lot unique-,"service des marchés au siège de la l'agence, sis à l'avenue Mohamed V, Lot. Lalla Hayat, Immeuble 3, étage 4 Béni Mellal"
, | ---,"SUPPORT DU PAGE/COLONNE
L'opinion 25/08/2025 20/02 | L'opinion | 25/08/2025 | 20/02","310.500,00 MAD | ",--- | Demander D.A.O,National,,"6.210,00 MAD | ---",Region de souss-massa /province d'Agadir,budget et caution en TTC,,, | ---,Oui,- Agadir,,"AO simplifié : travaux d'aménagement par dallage des pistes menant au douar idbahmouche a la commune de tamri , province d'agadir ida outanane",
, | ---,"SUPPORT DU PAGE/COLONNE
L'opinion 25/08/2025 20/001 | L'opinion | 25/08/2025 | 20/001","230.000,00 MAD | ",--- | Télécharger D.A.O,National,,"4.500,00 MAD | ---",Autres societes /Societe de developpement local rabat sale temara prestations,,https://global-marches.com/downoaldcps/1488350.zip,YOUSSEF LHOR - Téléphone: 0673997857 - Email: y.lhor@yahoo.fr - Télécopieur: 0537771785, | ---,Oui Cliquer ici,- Sale,,AO simplifié : prestation de désinsectisation et désinfection des locaux des abattoirs de la région sis quartier industriel sidi bouknadel- lot unique,
"Secteur Qualification Classe
B B3 5
B B1 3 | B | B3 | 5 | B | B1 | 3", | ---,"SUPPORT DU PAGE/COLONNE
L'opinion 25/08/2025 20/01
SITE WEB 25/08/2025 01/01 | L'opinion | 25/08/2025 | 20/01 | SITE WEB | 25/08/2025 | 01/01","4.982.472,00 MAD | ",--- | Télécharger D.A.O,National,,"74.738,00 MAD | ---",Region de guelmim - oued Noun /province de tan tan,av 1 : qualifications mentionnée au niveau de RC,https://global-marches.com/downoaldcps/1488349.zip,BRAHIM EL OIAABANE - Téléphone: 0528765030 - Email: hamsied@hotmail.com - Télécopieur: 0528877677, | ---,Oui Cliquer ici,- Tan-tan,,Travaux de construction de la piste reliant le centre d'aglat el-bel a la commune de m'sied vers la commune abteh commune m'sied province de tan tan ( 1er tranche ),
, | 22/09/2025 16:30,"SUPPORT DU PAGE/COLONNE
Liberation 25/08/2025 18/02 | Liberation | 25/08/2025 | 18/02","1.200.000,00 MAD | ",--- | Télécharger D.A.O,National,,"20.000,00 MAD | ---",Conseil Consultatif des Droits de l'Homme,Budget en TTC // les prospectus exigés au plus tard le jour ouvrable précédant la date d'ouverture des plis à savoir le 22/09/2025 à 16h30,https://global-marches.com/downoaldcps/1488346.zip,Sara Jaljal - Téléphone: 0537540000 - Email: s.jaljal@cndh.org.ma - Télécopieur: 0537540001, | ---,Oui Cliquer ici,- Kenitra- Sale- Rabat,,L'achat et l'installation du matériel et logiciels pour la mise en place d'une infrastructure hyperconvergée pour le compte du conseil national des droits de l'homme à rabat région rabat-salé-kénitra.,
"Secteur Qualification Classe
B B6 5 | B | B6 | 5", | 22/09/2025,"SUPPORT DU PAGE/COLONNE
L'opinion 25/08/2025 19/03 | L'opinion | 25/08/2025 | 19/03","1.419.000,00 MAD | ",--- | Demander D.A.O,National,,"28.000,00 MAD | ---",Region de fes - meknes /Province d'ifrane,budget et caution en TTC - les documents techniques doivent etre déposés au plus tard le jour ouvrable précédant la date d'ouverture des plis ( à vérifier ),,, | ---,Oui,- Ifrane,,Projets intégrés de restructuration des quartiers sous equipés (travaux d'enrobés).,
, | ---,"SUPPORT DU PAGE/COLONNE
Les eco 25/08/2025 05/03 | Les eco | 25/08/2025 | 05/03","299.820,00 MAD | ",--- | Demander D.A.O,Appel d'offre resérvé au pme nationales,,"5.000,00 MAD | ---",Agence du bassin hydraulique /Agence du bassin hydraulique de draa oued noun,"estimation en dh ttc // réservé aux TPE et PME installées au Maroc, jeunes entreprise innovantes coopératives l'unions de coopératives et aux-auto entrepreneurs,",,, | ---,Oui,- Guelmim,,Achat de matériels informatiques et de logiciels au profit de l'agence du bassin hydraulique de draa oued noun,
, | ---,"SUPPORT DU PAGE/COLONNE
L'opinion 25/08/2025 18/001
SITE WEB 25/08/2025 01/01 | L'opinion | 25/08/2025 | 18/001 | SITE WEB | 25/08/2025 | 01/01","220.800,00 MAD | ",--- | Télécharger D.A.O,National,,"3.000,00 MAD | ---",Region de rabat-sale-kenitra / Commune urbaine de MEHDYA,budget en TTC,https://global-marches.com/downoaldcps/1488339.zip,KHADIJA LAGHNIMI - Téléphone: 0662437056 - Email: khadijalaghnimi2@gmail.com - Télécopieur: 0662437056, | ---,Oui Cliquer ici,- Kenitra,,Appel d'offres ouvert simplifié : la fourniture et pose des barrières directionnelles à la Kasbah Mehdya.,
, | ---,"SUPPORT DU PAGE/COLONNE
L'opinion 25/08/2025 19/01 | L'opinion | 25/08/2025 | 19/01","2.916.000,00 MAD | ",09/09/2025 11:00 | Télécharger D.A.O,National,, | ---,Region de laayoune- saguia al hamra /Province de boujdour,la visite des lieux est obligatoire,https://global-marches.com/downoaldcps/1488338.zip,salah sakhi - Téléphone: 0528896267 - Email: municiboujdour@menara.ma - Télécopieur: 0528896268, | ---,,- Boujdour,,La consultation architecturale ouverte concernant l'élaboration des études urbanistiques du lotissement al firdaous» sis à la commune de boujdour - province de boujdour. région de laayoune sakia al hamra.,
"Secteur Qualification Classe
J J6 1 | J | J6 | 1", | ---,"SUPPORT DU PAGE/COLONNE
Liberation 25/08/2025 17/02 | Liberation | 25/08/2025 | 17/02","7.068.470,40 MAD | ",17/09/2025 11:00 | Demander D.A.O,National,,"95.000,00 MAD | ---",Caisse Pour le Financement Routier,budget en ttc / une copie conforme à l'origine du certificat d'agrément des services de l'ONEE pour les travaux pour tiers MT/BT2 au minimum ; construction des réseaux MT-BT,,, | ---,Oui,- Ben slimane,,Travaux de déplacement des réseaux électriques HTA/BT relevant de SRM/CS au niveau de la RN1 PK308+400 au PK315+500 -Province de Ben slimane,
, | ---,"SUPPORT DU PAGE/COLONNE
Aujourd'hui le maroc 25/08/2025 13/01 | Aujourd'hui le maroc | 25/08/2025 | 13/01","9.497.401,20 MAD | ",--- | Demander D.A.O,National,,"180.000,00 MAD | ---",Region de souss-massa /Prefecture d'agadir ida-outanane,budget en ttc -,,, | ---,Oui,- Agadir,,Travaux de construction de dar taliba au douar isk à la commune de tiqqi -préfecture d'agadir ida-outanane - région souss massa (1ère tranche).,
, | ---,"SUPPORT DU PAGE/COLONNE
Les eco 25/08/2025 05/03 | Les eco | 25/08/2025 | 05/03","4.526.514,00 MAD | ",--- | Demander D.A.O,National,,"65.000,00 MAD | ---",Agence du bassin hydraulique /Agence du bassin hydraulique de draa oued noun,estimation en dh ttc,,, | ---,Oui,- Tinghir,,Travaux de construction d'un seuil de recharge artificielle de la nappe a la commune d'ighil noumgoune province de tinghir,
"Secteur Qualification Classe
C C1 3 | C | C1 | 3", | ---,"SUPPORT DU PAGE/COLONNE
Liberation 25/08/2025 17/001 | Liberation | 25/08/2025 | 17/001","6.675.042,00 MAD | ",17/09/2025 10:00 | D.A.O déja demandé,National,,"90.000,00 MAD | ---",Caisse Pour le Financement Routier,budget en ttc,,, | ---,Oui,- Ben slimane,,Travaux de déviation des réseaux d'eau potable au niveau de la RN1 du PK298+156 au PK315+500- Province de Benslimane,
, | ---,"SUPPORT DU PAGE/COLONNE
Les eco 25/08/2025 05/03 | Les eco | 25/08/2025 | 05/03","8.297.694,00 MAD | ",--- | Demander D.A.O,National,,"100.000,00 MAD | ---",Agence du bassin hydraulique /Agence du bassin hydraulique de draa oued noun,estimation en dh ttc,,, | ---,Oui,- Zagora,,Travaux de construction d'un seuil de recharge artificielle de la nappe de fezouata dans la province de zagora,
"Secteur Qualification Classe
5 5-1 2 | 5 | 5-1 | 2", | ---,"SUPPORT DU PAGE/COLONNE
L'opinion 25/08/2025 16/004 | L'opinion | 25/08/2025 | 16/004","1.197.720,00 MAD | ",--- | Télécharger D.A.O,National,,"15.000,00 MAD | ---",Holding al omrane /al omrane marrakech safi,voie electronique obligatoire - budget en TTC - Equipement : C1 classe 4,https://global-marches.com/downoaldcps/1488330.zip,FOAD EL ALAMI - Téléphone: 0524339720 - Email: fo.elalami@alomrane.gov.ma - Télécopieur: 0524446218, | ---,Oui Cliquer ici,- Al haouz,,Travaux d'alimentation en eau potable du site d'accueil du douar azrou sis a la commune d'aghoitim - province d'al haouz,
, | ---,"SUPPORT DU PAGE/COLONNE
Les eco 25/08/2025 02/03 | Les eco | 25/08/2025 | 02/03","4.677.552,00 MAD | ",--- | Demander D.A.O,National,,"70.000,00 MAD | ---",Agence du bassin hydraulique /Agence du bassin hydraulique de draa oued noun,estimation en dh ttc,,, | ---,Oui,- Zagora,,Stabilisation de la chute des roches au niveau de l'acces a la digue principale du barrage agdez - tranche 1,
"Secteur Qualification Classe
3 3-1 2 | 3 | 3-1 | 2", | ---,"SUPPORT DU PAGE/COLONNE
L'opinion 25/08/2025 16/001 | L'opinion | 25/08/2025 | 16/001","1.323.672,00 MAD | ",--- | Télécharger D.A.O,National,,"15.000,00 MAD | ---",Holding al omrane /al omrane Marrakech safi,voie electronique obligatoire - budget en TTC - Equipement : C3 classe 4,https://global-marches.com/downoaldcps/1488327.zip,FOAD EL ALAMI - Téléphone: 0524339720 - Email: fo.elalami@alomrane.gov.ma - Télécopieur: 0524446218, | ---,Oui Cliquer ici,- Al haouz,,Travaux d'assainissement du site d'accueil du douar azrou sis a la commune d'aghoitim province d'al haouz,
, | ---,"SUPPORT DU PAGE/COLONNE
Les eco 25/08/2025 05/03 | Les eco | 25/08/2025 | 05/03","912.000,00 MAD | ",--- | Demander D.A.O,Appel d'offre resérvé au pme nationales,,"15.000,00 MAD | ---",Agence du bassin hydraulique /Agence du bassin hydraulique de draa oued noun,"estimation en dh ttc // réservé aux TPE et PME installées au Maroc, jeunes entreprise innovantes coopératives l'unions de coopératives et aux-auto entrepreneurs,",,, | ---,Oui,- Guelmim- Errachidia,,Etude de faisabilité des sites des petits barrages dans les bassins de haut et moyen draa,
, | ---,"SUPPORT DU PAGE/COLONNE
Liberation 25/08/2025 17/01 | Liberation | 25/08/2025 | 17/01","2.000.000,00 MAD | ",--- | Demander D.A.O,National,, | ---,Region de souss-massa / Province de chtouka ait baha,,,, | ---,,- Chtouka ait baha,,Consultation architecturale ouverte pour etude et assisttance technique (projet integre de construction et d'equipement d'un terrain de football au centre de la commune d'ida ougnidif ).,
"Secteur Qualification Classe
A A2 3 | A | A2 | 3", | ---,"SUPPORT DU PAGE/COLONNE
Le matin 25/08/2025 09/07 | Le matin | 25/08/2025 | 09/07","6.566.427,26 MAD | ",--- | Demander D.A.O,National,,"90.000,00 MAD | ---",societe rabat region amenagement,BUDGET EN TTC,,, | ---,Oui,- Kenitra,,Travaux de construction d'un centre pour la protection de l'enfance a la ville de kenitra,
"Secteur Qualification Classe
B B5 1
B B3 1
B B1 1 | B | B5 | 1 | B | B3 | 1 | B | B1 | 1", | ---,"SUPPORT DU PAGE/COLONNE
L'opinion 25/08/2025 16/004
SITE WEB 25/08/2025 01/01 | L'opinion | 25/08/2025 | 16/004 | SITE WEB | 25/08/2025 | 01/01","34.478.921,98 MAD | ",--- | Télécharger D.A.O,International,,"400.000,00 MAD | ---",Academies regionales,budget en TTC av 1 : certificat de qualification et de classification mentionné au niveau du RC,https://global-marches.com/downoaldcps/1488323.zip,SAID HRA - Téléphone: 05 35 40 11 43 - Email: arep.fes-meknes@outlook.fr - Télécopieur: 05 35 40 19 09, | ---,Oui Cliquer ici,- Taounate,,"Travaux de construction des pistes a la commune de khlalefa-zrizer , province de Taounate , région fes-meknes - la piste reliant la RN8 au niveau au douar mechkour et douar haddada ( rmilia ) a la commune de zrizer y/c la bretelle reliant la reserve proviciale chettaba et la RN8 - la piste reliant douar dchar felah et le centre de khlalfa , y compris les bretelles reliant la RR509 au douars lbabra et taounate lakchour et douar imrabtiouine a la commune de khlalefa en lot unique",
, | ---,"SUPPORT DU PAGE/COLONNE
SITE WEB 25/08/2025 01/01 | SITE WEB | 25/08/2025 | 01/01","373.261,50 MAD | ",--- | Déjà téléchargé Ne plus suivre,National,,"7.000,00 MAD | ---",Region de casablanca - settat / gouverneur d'el jadida,budget en TTC,https://global-marches.com/downoaldcps/1488321.zip,service budgets et marchés service budgets et marchés - Téléphone: 0523342426 - Email: bouelmarini@gmail.com - Télécopieur: 0523342426, | ---,Oui Cliquer ici,- El jadida,,Appel d'offres ouvert simplifié : travaux d’aménagement du centre du docteur sabban pour les enfants abandonnes a el jadida.,
, | ---,"SUPPORT DU PAGE/COLONNE
Le matin 25/08/2025 08/08 | Le matin | 25/08/2025 | 08/08","400.000,00 MAD | ",--- | Télécharger D.A.O,National,,"6.000,00 MAD | ---",societe rabat region amenagement,budget en ttc,https://global-marches.com/downoaldcps/1488318.zip,Tél :05 37 20 70 70 – Fax : 05.37.20.45.45) / Oussama FARS - Téléphone: 05 37 20 70 70 - Email: o.fars@rra.ma - Télécopieur: 05.37.20.45.45, | ---,Oui Cliquer ici,- Skhirat temara,"AGRÉMENTS
D18
D17 | D18 | D17",Etudes techniques et suivi des travaux de rehabilitation de voiries et reseaux divers de la zone industrielle de skhirate,
, | ---,"SUPPORT DU PAGE/COLONNE
L'opinion 25/08/2025 16/03 | L'opinion | 25/08/2025 | 16/03","446.100,00 MAD | ",--- | Demander D.A.O,Appel d'offre resérvé au pme nationales,,"8.000,00 MAD | ---",Chef du Gouvernement,"budget en TTC/ Réservé à la Très Petite, à la petite et moyenne entreprise,",,, | ---,Oui,- Rabat,,AO simplifié : travaux de peinture des locaux abritant les services du chef de gouvernement,
, | ---,"SUPPORT DU PAGE/COLONNE
Le matin 25/08/2025 09/03 | Le matin | 25/08/2025 | 09/03","299.550,00 MAD | ",--- | D.A.O déja demandé,Appel d'offre resérvé au pme nationales,,"5.000,00 MAD | ---",Agence du bassin hydraulique /Agence du bassain hydraulique du bouregreg et de la chaouia,"budget en ttc - réserve aux tres petites, petites et moyennes entreprises cooperatives, aux unions de cooperatives et aux autoentrepreneurs",,, | ---,Oui,- Ben slimane,,Assistance logistique de la police de l’eau dans la zone d’action de l’ABHBC.,
"Secteur Qualification Classe
CQ : controle de qualité CQ3 4 | CQ : controle de qualité | CQ3 | 4", | ---,"SUPPORT DU PAGE/COLONNE
SITE WEB 25/08/2025 01/01 | SITE WEB | 25/08/2025 | 01/01","62.064,00 MAD | ",--- | Télécharger D.A.O,National,,"1.000,00 MAD | ---",ministere  de l’equipement et de l’eau / le directeur provincial de l'equipement et du logistique de larache,budget en TTC,https://global-marches.com/downoaldcps/1488313.zip,MOUNIR ZAHRAOUI - Téléphone: 0660192153 - Email: zahraouimounir11@gmail.com - Télécopieur: 0539913366, | ---,Oui Cliquer ici,- Larache,,Appel d'offres ouvert simplifié : Contrôle et suivi de la qualité des travaux d’entretien de la chaussée de la RP4402 entre PK0+000 et PK17+000 (Province de Larache),bureau des marchés de la DPETL de Larache place Oued El Makhazine Larache
, | ---,"SUPPORT DU PAGE/COLONNE
L'opinion 25/08/2025 16/01
Le matin 25/08/2025 08/006 | L'opinion | 25/08/2025 | 16/01 | Le matin | 25/08/2025 | 08/006","1.440.000,00 MAD | ",--- | Télécharger D.A.O,National,,"14.400,00 MAD | ---",onee branche eau,budget en TTC - l'ouverture des enveloppes se fait en un seul temps,https://global-marches.com/downoaldcps/1488312.zip,"Ilham ES-SEMLALI - Téléphone: +212537721281 - Email: iessemlali@onee.ma - Télécopieur: +212537725566 -Tel : (+212) 0537 66 73 05 /06, Fax : (+212) 0537 66 75 13", | ---,Oui Cliquer ici,- Zagora- Ouarzazate,,Étude de schéma directeur de renforcement et de sécurisation de l'aep des localités urbaines et rurales des provinces d'ouarzazate et de zagora.,"Bureau des marchés (DAM), Immeuble G, Avenue Mohamed Belhassan El Ouazzani - Rabat - Maroc,"
, | 08/09/2025,"SUPPORT DU PAGE/COLONNE
SITE WEB 25/08/2025 01/01 | SITE WEB | 25/08/2025 | 01/01","525.199,20 MAD | ",--- | Télécharger D.A.O,National,,"10.000,00 MAD | ---",Direction generale de surete nationale / préfecture de police de rabat,budget en TTC + les documents techniques exigées par le dossier d’appel d’offres doivent être déposées au plus tard le jour ouvrable précédant la date d’ouverture des plis,https://global-marches.com/downoaldcps/1488311.zip,DIHAJI LAHCEN - Téléphone: 0625190843 - Email: PPRABAT.IMMO@dgsn.gov.ma - Télécopieur: 0625190843, | ---,Oui Cliquer ici,- Rabat,,Appel d'offres ouvert simplifié : travaux d’aménagement et d’installation de la salle de commandement et de coordination relevant de la préfecture de police de rabat -lot unique,"Préfecture de Police de Rabat Salé Témara Khémisset, sise, 12 Rue tarablus Rabat Hassan"
, | ---,"SUPPORT DU PAGE/COLONNE
Le matin 25/08/2025 09/002 | Le matin | 25/08/2025 | 09/002","6.121.714,72 MAD | ",--- | D.A.O déja demandé,International,,"120.000,00 MAD | ---",Academies regionales /Direction Provinciale de Taounate,budget en ttc,,, | ---,Oui,- Taounate,,Nettoyage et entretien des locaux des établissements scolaires et des services administratifs relevant de la Direction Provinciale de l'AREF de Fès-Meknès à Taounate en lot unique.,
, | ---,"SUPPORT DU PAGE/COLONNE
SITE WEB 25/08/2025 01/01 | SITE WEB | 25/08/2025 | 01/01","499.080,00 MAD | ",--- | Télécharger D.A.O,National,,"8.000,00 MAD | ---",Region de rabat-sale-kenitra / Commune urbaine de SKHIRATE,budget en TTC,https://global-marches.com/downoaldcps/1488309.zip,MOHAMMED FAROUKH - Téléphone: 0537742891 - Email: cu.skhirat2013@gmail.com - Télécopieur: 0537742891, | ---,Oui Cliquer ici,- Skhirat temara,,Appel d'offres ouvert simplifié : Travaux d’aménagement du cimetière musulman situé à Daima Skhirate,
, | ---,"SUPPORT DU PAGE/COLONNE
Le matin 25/08/2025 09/002 | Le matin | 25/08/2025 | 09/002","16.888.235,53 MAD | ",--- | Demander D.A.O,International,,"300.000,00 MAD | ---",Academies regionales /Direction Provinciale de Taounate,budget en ttc,,, | ---,Oui,- Taounate,,Gardiennage et surveillance des locaux des établissements scolaires et des services administratifs relevant de la Direction Provinciale de l'AREF de Fès-Meknès à Taounate en lot unique.,
"Secteur Qualification Classe
9 9-1 2 | 9 | 9-1 | 2", | ---,"SUPPORT DU PAGE/COLONNE
Le matin 25/08/2025 09/002 | Le matin | 25/08/2025 | 09/002","3.080.713,16 MAD | ",--- | Demander D.A.O,Appel d'offre resérvé au pme nationales,,"100.000,00 MAD | ---",Holding al omrane /SOCIETE AL OMRANE FES-MEKNES,"budget en ttc - Les concurrents doivent obligatoirement déposer via le portail des marchés publics pour une soumission électronique - Secteur : A qualification : A.2 Classe : 4 - Cet appel d’offre est réservé aux petites et moyennes entreprises, aux coopératives, aux unions de coopératives et à l’auto-entrepreneur.",,tél. : 05 35 64 22 48/49/57 Fax : 05 35 64 22 55. Site Web : www.alomrane.gov.ma, | ---,Oui,- Taounate,,travaux de construction de dar attaliba au lotissement al boustane commune de mezraoua province de taounate.,
, | 05/09/2025,"SUPPORT DU PAGE/COLONNE
SITE WEB 25/08/2025 01/01 | SITE WEB | 25/08/2025 | 01/01","42.000,00 MAD | ",--- | Télécharger D.A.O,National,,"800,00 MAD | ---",Ministere de la justice et des libertés / direction provinciale de la justice settat,"budget en TTC + Les prospectus exigés par le dossier d'appel d'offres doivent être déposés dans le bureau de marchés de la Direction Provinciale de la Justice de Settat, sise au quartier administratif siège du tribunal de famille de Settat au plus tard le jour ouvrable précédant la date d’ouverture des plis ou remis séance tenante au président de la commission d’ouverture des plis.",https://global-marches.com/downoaldcps/1488305.zip,hanane guedira - Téléphone: 0523403121 - Email: sdrsettat@gmail.com - Télécopieur: 0523400261, | ---,Oui Cliquer ici,- Settat,,"Appel d'offres ouvert simplifié : Acquisition, installation et mise en service de firewall pour le compte du centre judiciaire el brouj, en lot unique/ province de settat.",
, | ---,"SUPPORT DU PAGE/COLONNE
Le matin 25/08/2025 09/02 | Le matin | 25/08/2025 | 09/02","7.500.000,00 MAD | ",--- | Demander D.A.O,National,, | ---,"Ministere de l Agriculture, de la Peche Maritime, du Developpement Rural et des Eaux et Forets /Direction Provinciale de l’Agriculture d'El Hajeb",,,, | ---,Oui,- El hajeb,,"la consultation architecturale ouverte, pour : Etude architecturale et suivi des travaux d’aménagement et de réhabilitation du souk hebdomadaire d’Agouray, au niveau de la commune urbaine d’Agouray, cercle d’Agouray, province d’El Hajeb.",
, | ---,"SUPPORT DU PAGE/COLONNE
Le matin 25/08/2025 08/04
L'economiste 25/08/2025 18/006 | Le matin | 25/08/2025 | 08/04 | L'economiste | 25/08/2025 | 18/006", | ,--- | Demander D.A.O,National,, | ---,Attawfiq micro-finance,,,Tél. : 0522 43 49 00, | ---,,- Casablanca,,Acquisition des licences Oracle Database Enterprise Edition pour 2 CPU et support éditeur Oracle,"’ATTAWFIQ MICRO-FINANCE à partir du 25 Août 2025 à l’adresse suivante : ATTAWFIQ MICRO-FINANCE Direction Moyens Généraux 79, Boulevard Hassan II Casablanca."
, | ---,"SUPPORT DU PAGE/COLONNE
Le matin 25/08/2025 10/007 | Le matin | 25/08/2025 | 10/007","17.513.942,70 MAD | ",--- | Demander D.A.O,International,,"320.000,00 MAD | ---",Autres societes / Société kenitra amenagement et developpement,budget en ttc,,, | ---,Oui,- Kenitra,,Travaux d’aménagement du boulevard Moulay Abdelaziz à la ville de Kenitra,
, | ---,"SUPPORT DU PAGE/COLONNE
Liberation 25/08/2025 18/01
Le matin 25/08/2025 08/05 | Liberation | 25/08/2025 | 18/01 | Le matin | 25/08/2025 | 08/05","1.402.320,00 MAD | ",11/09/2025 10:00 | Demander D.A.O,International,,"25.000,00 MAD | ---",ministere  de l’equipement et de l’eau /Direction genérale de la météorologie,Budget en ttc,,, | ---,Oui,- Casablanca,,Entretien et maintenance des équipements informatiques el des logiciels de la sécurité et du réseau informatique de la direction générale de la météorologie. -diverses préfectures-,
, | ---,"SUPPORT DU PAGE/COLONNE
Le matin 25/08/2025 10/05 | Le matin | 25/08/2025 | 10/05","3.040.000,00 MAD | ",--- | Demander D.A.O,National,, | ---,Holding al omrane / Al omrane tanger-tetouan – al hoceima,,,, | ---,,- Tanger assila,,"L’elaboration des études architecturales et suivi des travaux de construction d’une unite equestre de la gendarmerie royale au niveau de la zun ibn batoutasis a la commune de gzenaya, tanger.",
"Secteur Qualification Classe
B B5 5 | B | B5 | 5", | ---,"SUPPORT DU PAGE/COLONNE
SITE WEB 25/08/2025 01/01
Liberation 25/08/2025 16/001 | SITE WEB | 25/08/2025 | 01/01 | Liberation | 25/08/2025 | 16/001","299.520,00 MAD | ",--- | Télécharger D.A.O,National,,"5.000,00 MAD | ---",Region de l'oriental / Province de Driouch.,budget en ttc,https://global-marches.com/downoaldcps/1488297.zip,MOSTAPHA EL MOUHOUTI - Téléphone: 0661826128 - Email: mostaphaelmouhouti70@gmail.com - Télécopieur: 0536367912, | ---,Oui Cliquer ici,- Driouch,,Travaux de revêtement de la route reliant la RN 2 et Douar Oulad Mallouk à la commune de Mtalssa- Province de Driouch.,
, | ---,"SUPPORT DU PAGE/COLONNE
Liberation 25/08/2025 17/06 | Liberation | 25/08/2025 | 17/06","4.431.862,80 MAD | ",--- | Demander D.A.O,National,,"88.000,00 MAD | ---",Region de draa - tafilalet /Province d'errachidia commune de bni-m'hamed sijilmassa,estimation en dh ttc,,, | ---,Oui,- Errachidia,,Travaux de construction du siège commune territoriale bni-m'hamed sijilmassa province errachidia en lot unique,
, | ---,"SUPPORT DU PAGE/COLONNE
Le matin 25/08/2025 10/004 | Le matin | 25/08/2025 | 10/004","1.180.215,00 MAD | ",--- | Demander D.A.O,National,,"20.000,00 MAD | ---",Region de Beni mellal - khenifra / Province de khouribga,budget en ttc,,, | ---,Oui,- Khouribga,,Travaux d’extension du réseau électrique aux foyers non servis en électricité à la commune Mfassis Province Khouribga,
, | ---,"SUPPORT DU PAGE/COLONNE
Le matin 25/08/2025 10/003 | Le matin | 25/08/2025 | 10/003","1.824.888,00 MAD | ",--- | Demander D.A.O,National,,"33.000,00 MAD | ---",Region de Beni mellal - khenifra / Province de khouribga,budget en ttc,,, | ---,Oui,- Khouribga,,Travaux d'extension du Réseau d’eau potable et Construction des Bornes fontaines à la commune mfassis Province khouribga,
, | 16/09/2025,"SUPPORT DU PAGE/COLONNE
SITE WEB 25/08/2025 01/01 | SITE WEB | 25/08/2025 | 01/01","528.000,00 MAD | ",--- | Télécharger D.A.O,National,,"10.500,00 MAD | ---",Region de marrakech- safi / Commune urbaine de MARRAKECH,budget en TTC + Les fiches techniques originales des articles exigés au dossier d’appel d’offre doivent être déposés dans la division des services et logistique(Service Logistique : Parc communal ) de la Commune de Marrakech sis à rue El Ordone – Marrakech au plus tard le jour ouvrable précédant la date d’ouverture des plis ou remis séance tenante au président de la commission des plis,https://global-marches.com/downoaldcps/1488292.zip,Khadija GUERROUR - Téléphone: 06 61 11 15 06 - Email: guerrourcum2022@gmail.com - Télécopieur: 05 24 43 56 66, | ---,Oui Cliquer ici,- Marrakech,,Acquisition de deux véhicules fourgon équipé par cage (opération lutte contre les chiens errants),Service des Marchés Commune de Marrakech l'annexe AV Mohammed VI Marrakech.
, | ---,"SUPPORT DU PAGE/COLONNE
Le matin 25/08/2025 10/001
Les eco 25/08/2025 17/02 | Le matin | 25/08/2025 | 10/001 | Les eco | 25/08/2025 | 17/02","144.000,00 MAD | ",--- | Demander D.A.O,National,,"2.000,00 MAD | ---",Holding al omrane / Societe al omrane souss massa,budget en ttc // Les concurrents doivent obligatoirement déposer leurs plis et offres électroniquement,,, | ---,Oui,- Agadir,"AGRÉMENTS
D16
D15
D14 | D16 | D15 | D14","La réalisation des Études techniques et suivi des travaux d’achèvement de la construction TCE de l’opération « AL MENZEH II C », relevant de la commune territoriale d’Agadir, préfecture d’Agadir Ida-Outanane",
, | ---,"SUPPORT DU PAGE/COLONNE
Le matin 25/08/2025 19/004
SITE WEB 25/08/2025 01/01 | Le matin | 25/08/2025 | 19/004 | SITE WEB | 25/08/2025 | 01/01","16.317.000,00 MAD | ",--- | Télécharger D.A.O,National,,"300.000,00 MAD | ---",Region de laayoune- saguia al hamra / Province tarfaya,budget en TTC - dépôt électronique obligatoire // av 1 : la date limite à vérifier entre 19/09/2025 et 26/09/2025,https://global-marches.com/downoaldcps/1488289.zip,HARTOUN ABDELHAY - Téléphone: 0661146522 - Email: saaidbella1966@gmail.com - Télécopieur: 0528895269, | ---,Oui Cliquer ici,- Tarfaya,,La réalisation des travaux de mise a niveau de l'entrée nord a la ville de tarfaya.,
, | ---,"SUPPORT DU PAGE/COLONNE
Le matin 25/08/2025 19/04 | Le matin | 25/08/2025 | 19/04","2.590.100,00 MAD | ",--- | Télécharger D.A.O,National,,"50.000,00 MAD | ---",Region de laayoune- saguia al hamra /Province tarfaya commune tarfaya,budget en TTC - dépôt électronique obligatoire,https://global-marches.com/downoaldcps/1488288.zip,HARTOUN ABDELHAY - Téléphone: 0661146522 - Email: saaidbella1966@gmail.com - Télécopieur: 0528895269, | ---,Oui Cliquer ici,- Tarfaya,,Travaux de désensablement et d’aménagement de la corniche de tarfaya,bureau des marchés de la commune de tarfaya
, | ---,"SUPPORT DU PAGE/COLONNE
L'opinion 25/08/2025 19/02
SITE WEB 25/08/2025 01/01 | L'opinion | 25/08/2025 | 19/02 | SITE WEB | 25/08/2025 | 01/01","5.871.000,00 MAD | ",--- | Télécharger D.A.O,International,,"100.000,00 MAD | ---",NARSA,budget en TTC,https://global-marches.com/downoaldcps/1488287.zip,SOUFIANE BELABD - Téléphone: 0626890668 - Email: belabd@narsa.gov.ma - Télécopieur: 0537716953, | ---,Oui Cliquer ici,- Rabat,,"avis d'appel d'offres ouvert international a majoration : le conseil et l’achat d’espace auprès des supports digitaux, en lot unique.",
, | ---,"SUPPORT DU PAGE/COLONNE
Liberation 25/08/2025 17/01 | Liberation | 25/08/2025 | 17/01","3.059.040,00 MAD | ",--- | Télécharger D.A.O,International,,"45.000,00 MAD | ---",Centres hospitaliers de la region de souss-massa /Centre hospitalo-universitaire souss massa,estimation en dh ttc,https://global-marches.com/downoaldcps/1488286.zip,EL MEHDI KERBID - Téléphone: 0661585952 - Email: mkerbid@gmail.com - Télécopieur: 0528820041, | ---,Oui Cliquer ici,- Agadir,,Acquisition et mise en place d'une solution hypercorrection pour le compte du chu souss massa (lot unique),
"Secteur Qualification Classe
A A2 2 | A | A2 | 2", | ---,"SUPPORT DU PAGE/COLONNE
SITE WEB 25/08/2025 01/01 | SITE WEB | 25/08/2025 | 01/01", | ,--- | Télécharger D.A.O,National,,"294.000,00 MAD | ---",Ministère des Habous et des Affaires islamiques /Direction des Mosquées,av 1: certificat d'agrément et de qualification mentionné au niveau de RC,https://global-marches.com/downoaldcps/1488283.zip,JAWAHIR ABOURACHID - Téléphone: 05.37.66.86.77 - Email: jawahir.mhai@gmail.com - Télécopieur: 05.37.66.86.16, | ---,,- Ville etrangere,,"l’achevement des travaux de construction d’une mosquée et ses dépendances a l’universite de chenguite en mauritanie, en lot unique.","service des marchés des travaux et de fournitures de la direction des mosquées du Ministère des Habous et des Affaires Islamiques – Mechouar Essaîd, Rabat"
, | ---,"SUPPORT DU PAGE/COLONNE
Liberation 25/08/2025 17/05
SITE WEB 25/08/2025 01/01 | Liberation | 25/08/2025 | 17/05 | SITE WEB | 25/08/2025 | 01/01","419.940,00 MAD | ",--- | Télécharger D.A.O,National,,"7.000,00 MAD | ---",Region de souss-massa / Commune de OUED ESSAFA,budget en TTC,https://global-marches.com/downoaldcps/1488280.zip,BERYAN MOHAMED - Téléphone: 0528818012 - Email: ouedessafa@gmail.com - Télécopieur: champsvide, | ---,Oui Cliquer ici,- Chtouka ait baha,,"Achat des plaques d’énergie solaire pour les stations de pompage d’eau potable aux douars : AIT HROUK, TIN KHAZAZ et AIT DAOUD à la commune OUED ESSAFA Province Chtouka Ait Baha.",Au bureau de Président de la Commune Territoriale Oued Essafa (Service Des marchés) .
, | ---,"SUPPORT DU PAGE/COLONNE
Liberation 25/08/2025 18/05
Le matin 25/08/2025 01/01 | Liberation | 25/08/2025 | 18/05 | Le matin | 25/08/2025 | 01/01","350.000,00 MAD | ",--- | Télécharger D.A.O,National,,"6.500,00 MAD | ---",centre regional de la recherche agronomique /Centre Régional de la Recherche Agronomique de Rabat,budget en ttc,https://global-marches.com/downoaldcps/1488279.zip,MOHAMMED EZZIKOURI - Téléphone: 0537675539 - Email: mohammed.ezzikouri@inra.ma - Télécopieur: 0537775530, | ---,Oui Cliquer ici,- Rabat,,"l’études techniques et suivi des travaux d’aménagement du complexe central du Centre Régional De La Recherche Agronomique De Rabat, en lot unique.",
, | ---,"SUPPORT DU PAGE/COLONNE
SITE WEB 25/08/2025 01/01 | SITE WEB | 25/08/2025 | 01/01","200.000,00 MAD | ",--- | Télécharger D.A.O,National,,"4.000,00 MAD | ---",agence marocaine de surete et de securite nucleaire et radiologique,budget en TTC,https://global-marches.com/downoaldcps/1488278.zip,HAMID BAMMOU - Téléphone: 0661065994 - Email: h.bammou@amssnur.org.ma - Télécopieur: +212 537 688 737, | ---,Oui Cliquer ici,- Rabat,,la réalisation d’un audit de conformité de la sécurité du système d’information de l’Agence Marocaine de Sûreté et de Sécurité Nucléaires et Radiologiques (AMSSNuR) par rapport à la loi n°05-20 relative à la cybersécurité et à la directive nationale de la sécurité des systèmes d’information (DNSSI).,
"Secteur Qualification Classe
EG : etudes geotechnique EG5 3
CQ : controle de qualité CQ7 3
CQ : controle de qualité CQ3 3 | EG : etudes geotechnique | EG5 | 3 | CQ : controle de qualité | CQ7 | 3 | CQ : controle de qualité | CQ3 | 3", | ---,"SUPPORT DU PAGE/COLONNE
Le matin 25/08/2025 18/05 | Le matin | 25/08/2025 | 18/05","119.700,00 MAD | ",--- | Télécharger D.A.O,Appel d'offre resérvé au pme nationales,,"1.800,00 MAD | ---","ministere  de l’equipement et de l’eau / Direction provinciale de l'equipement, du transport et de la logistique de chefchaouen","budget en TTC // Réservé aux très petites, petites et moyennes entreprises la coopératives et auto-entrepreneurs",https://global-marches.com/downoaldcps/1488276.zip,-- -- - Téléphone: -- - Email: dpetlecbm@gmail.com - Télécopieur: 0539986778, | ---,Oui Cliquer ici,- Chefchaouen,,Realisation des essais de controle et suivi de la qualite des travaux de collecte des eaux pluviales des toitures des ecoles rurales dans la province de chefchaouen.,
, | ---,"SUPPORT DU PAGE/COLONNE
SITE WEB 25/08/2025 01/01 | SITE WEB | 25/08/2025 | 01/01","31.920,00 MAD | ",--- | Télécharger D.A.O,Appel d'offre resérvé au pme nationales,,"600,00 MAD | ---","Ministere de l Agriculture, de la Peche Maritime, du Developpement Rural et des Eaux et Forets /Direction Provinciale de l’Agriculture d’Azilal","Réservé aux très petites, petites et moyennes entreprises, aux coopératives, aux unions de coopératives et aux auto– entrepreneurs",https://global-marches.com/downoaldcps/1488275.zip,MUSTAPHA ROUHI - Téléphone: 0657831899 - Email: rohimostafa@yahoo.fr - Télécopieur: 0523458035, | ---,Oui Cliquer ici,- Azilal,,AO simplifié : Travaux de câblage du réseau informatique au siège de la Direction Provinciale de l’Agriculture d’Azilal.,
, | ---,"SUPPORT DU PAGE/COLONNE
Liberation 25/08/2025 18/04
Le matin 25/08/2025 19/002 | Liberation | 25/08/2025 | 18/04 | Le matin | 25/08/2025 | 19/002","12.709.000,00 MAD | ",11/09/2025 11:00 | Télécharger D.A.O,National,, | ---,centre regional de la recherche agronomique,,https://global-marches.com/downoaldcps/1488274.zip,MOHAMMED EZZIKOURI - Téléphone: 0537675539 - Email: mohammed.ezzikouri@inra.ma - Télécopieur: 0537775530, | ---,,- Rabat,,"la consultation architecturale ouverte pour l’études architecturales et suivi des travaux d’aménagement du Centre de la Recherche Agronomique de Rabat, en lot unique.",
"Secteur Qualification Classe
C C3 4
C C1 4
A A6 4 | C | C3 | 4 | C | C1 | 4 | A | A6 | 4", | ---,"SUPPORT DU PAGE/COLONNE
Le matin 25/08/2025 18/05 | Le matin | 25/08/2025 | 18/05","1.902.540,00 MAD | ",--- | Télécharger D.A.O,National,,"30.000,00 MAD | ---","ministere  de l’equipement et de l’eau / Direction provinciale de l'equipement, du transport et de la logistique de chefchaouen",budget en TTC,https://global-marches.com/downoaldcps/1488273.zip,-- -- - Téléphone: -- - Email: dpetlecbm@gmail.com - Télécopieur: 0539986778, | ---,Oui Cliquer ici,- Chefchaouen,,Travaux de collecte des eaux pluviales des toitures des écoles rurales dans la province de chefchaouen.,
"Secteur Qualification Classe
A A6 4
C C1 3 | A | A6 | 4 | C | C1 | 3", | ---,"SUPPORT DU PAGE/COLONNE
Le matin 25/08/2025 18/05 | Le matin | 25/08/2025 | 18/05","3.301.890,00 MAD | ",--- | Télécharger D.A.O,Appel d'offre resérvé au pme nationales,,"53.000,00 MAD | ---","ministere  de l’equipement et de l’eau / Direction provinciale de l'equipement, du transport et de la logistique de chefchaouen","budget en ttc // Réservé aux très petites, petites et moyennes entreprise la coopératives , et aux auto-entrepreneurs""",https://global-marches.com/downoaldcps/1488271.zip,Email: dpetlecbm@gmail.com - Télécopieur: 0539986778, | ---,Oui Cliquer ici,- Chefchaouen,,Travaux de genie civil et d'equipement en materiel de pompage pour l'approvisionnement en eau potable dans des communes rurales relevant de la province de chefchaouen.,
, | ---,"SUPPORT DU PAGE/COLONNE
Le matin 25/08/2025 18/05
SITE WEB 25/08/2025 01/01 | Le matin | 25/08/2025 | 18/05 | SITE WEB | 25/08/2025 | 01/01","200.400,00 MAD | ",--- | Télécharger D.A.O,National,,"4.000,00 MAD | ---","ministere  de l’equipement et de l’eau / Direction provinciale de l'equipement, du transport et de la logistique de beni mellal",av 1 : les agréments mentionnée au niveau de RC,https://global-marches.com/downoaldcps/1488269.zip,IKRAME EL-HAMRI - Téléphone: 0648348108 - Email: hamriikrame2003@gmail.com - Télécopieur: 0523481606, | ---,Oui Cliquer ici,- Fquih ben salah,"AGRÉMENTS
D4 | D4",Étude d'élargissement et de renforcement de la rr 304 du pk 94+000 au pk 110+700 (province de fquih ben salah),
, | ---,"SUPPORT DU PAGE/COLONNE
SITE WEB 25/08/2025 01/01
Le matin 25/08/2025 19/004 | SITE WEB | 25/08/2025 | 01/01 | Le matin | 25/08/2025 | 19/004","732.000,00 MAD | ",--- | Télécharger D.A.O,National,,"12.000,00 MAD | ---",Region de laayoune- saguia al hamra / Commune urbaine de TARFAYA,budget en TTC + Les concurrents doivent obligatoirement déposer leurs plis par voie électronique,https://global-marches.com/downoaldcps/1488267.zip,HARTOUN ABDELHAY - Téléphone: 0661146522 - Email: saaidbella1966@gmail.com - Télécopieur: 0528895269, | ---,Oui Cliquer ici,- Tarfaya,,Appel d'offres ouvert a majoration : travaux d’entretien et maintenance des espaces verts a la commune de tarfaya,service des marches de la commune de tarfaya.
, | 07/10/2025,"SUPPORT DU PAGE/COLONNE
L'economiste 25/08/2025 18/04
Le matin 25/08/2025 19/002 | L'economiste | 25/08/2025 | 18/04 | Le matin | 25/08/2025 | 19/002","9.000.000,00 MAD | ",--- | Demander D.A.O,International,,"150.000,00 MAD | ---",Protection civile,budget en ttc - Les fiches techniques exigées par le dossier d’appel d’offres doivent être déposées au plus tard le jour ouvrable précédant la date d’ouverture des plis ou remis séance tenante au président de la commission d'ouverture des plis. (heure à vérifier),,, | ---,Oui,- Rabat,,l’acquisition de remorques frigorifiques de campement destinées aux plateformes régionales de réserves de première nécessité (lot unique).,
, | ---,"SUPPORT DU PAGE/COLONNE
Le matin 25/08/2025 18/03 | Le matin | 25/08/2025 | 18/03","1.431.000,00 MAD | ",--- | Demander D.A.O,National,,"25.000,00 MAD | ---",Region de marrakech- safi / Province el kelaa des sraghna,,,, | ---,Oui,- El kelaa sraghna,,"Travaux de creusement de douze(12) puits au douars : laaroj, lhorab; ouled abdelwahd , old abbou 1, old abbou2,old ayoub1,old ayoub2,old driss 1,old driss 2, ouled bourjilate,old masaaoud et laararma de la commune laatamna province kelaa des sraghna",
, | 06/10/2025,"SUPPORT DU PAGE/COLONNE
L'economiste 25/08/2025 18/03
Le matin 25/08/2025 19/02 | L'economiste | 25/08/2025 | 18/03 | Le matin | 25/08/2025 | 19/02","15.000.000,00 MAD | ",--- | Demander D.A.O,International,,"300.000,00 MAD | ---",Protection civile,budget en ttc - Les fiches techniques exigées par le dossier d’appel d’offres doivent être déposées au plus tard le jour ouvrable précédant la date d’ouverture des plis ou remis séance tenante au président de la commission d'ouverture des plis.,,, | ---,Oui,- Rabat,,l’acquisition des unités de pompage destinées aux plateformes régionales de réserves de première nécessité (lot unique).,
